{
  "31918e94d9616642de3b0ca358e9029c" : {
    "statistic" : {
      "failed" : 1,
      "broken" : 0,
      "skipped" : 0,
      "passed" : 0,
      "unknown" : 0,
      "total" : 1
    },
    "items" : [ {
      "uid" : "2ab464a11ccdf7eb",
      "status" : "failed",
      "statusDetails" : "UnicodeEncodeError: 'ascii' codec can't encode characters in position 0-3: ordinal not in range(128)",
      "time" : {
        "start" : 1499220046912,
        "stop" : 1499220081830,
        "duration" : 34918
      }
    } ]
  }
}