{
  "summary" : {
    "reportName" : "Allure Report",
    "statistic" : {
      "failed" : 1,
      "broken" : 0,
      "skipped" : 0,
      "passed" : 0,
      "unknown" : 0,
      "total" : 1
    },
    "time" : {
      "minDuration" : 34918,
      "maxDuration" : 34918,
      "sumDuration" : 34918,
      "start" : 1499220046912,
      "stop" : 1499220081830,
      "duration" : 34918
    }
  },
  "environment" : [ ],
  "history-trend" : [ {
    "failed" : 1,
    "broken" : 0,
    "skipped" : 0,
    "passed" : 0,
    "unknown" : 0,
    "total" : 1
  } ],
  "behaviors" : {
    "total" : 0,
    "items" : [ ]
  },
  "executors" : [ ],
  "launches" : [ ]
}