{
  "statistic" : {
    "failed" : 1,
    "broken" : 0,
    "skipped" : 0,
    "passed" : 0,
    "unknown" : 0,
    "total" : 1
  },
  "time" : {
    "minDuration" : 34918,
    "maxDuration" : 34918,
    "sumDuration" : 34918,
    "start" : 1499220046912,
    "stop" : 1499220081830,
    "duration" : 34918
  },
  "children" : [ {
    "uid" : "4b3174021d91a03c",
    "name" : "src.test.UI_test.case.PK10.test_pk10_q1_zxfs_page",
    "time" : {
      "minDuration" : 34918,
      "maxDuration" : 34918,
      "sumDuration" : 34918,
      "start" : 1499220046912,
      "stop" : 1499220081830,
      "duration" : 34918
    },
    "statistic" : {
      "failed" : 1,
      "broken" : 0,
      "skipped" : 0,
      "passed" : 0,
      "unknown" : 0,
      "total" : 1
    },
    "type" : "TestGroupNode",
    "children" : [ {
      "uid" : "2ab464a11ccdf7eb",
      "name" : "Test_PK10_Q1_ZXFS_Page.test_pk10_q1_zxfs_wrong_money[PK10-\\u524d\\u4e00-\\u76f4\\u9009\\u590d\\u5f0f-CP_WEB_PK10_Q1_ZXFS_13-{\"pages1\": \"PK10_\\u524d\\u4e00_\\u76f4\\u9009\\u590d\\u5f0f\", \"codes\": \"01|02|03\", \"money\": \"0\", \"click1\": \"\\u6dfb\\u52a0\\u6ce8\\u5355\", \"click2\": \"\\u786e\\u8ba4\\u6295\\u6ce8\", \"popupwindow1\": \"\\u53f7\\u7801\\u9009\\u62e9\\u4e0d\\u5b8c\\u6574\\u6216\\u91d1\\u989d\\u6709\\u8bef\\uff0c\\u8bf7\\u91cd\\u65b0\\u9009\\u62e9\", \"click3\": \"\\u786e\\u5b9a\"}]",
      "time" : {
        "start" : 1499220046912,
        "stop" : 1499220081830,
        "duration" : 34918
      },
      "status" : "failed",
      "flaky" : false,
      "type" : "TestCaseNode"
    } ]
  } ]
}